mrr,hits_1,hits_3,hits_10
0.32171958035089654,0.23091294059035994,0.382799850541786,0.4805704321833354
